"Timestamp","Do you use any health applications on your smartphone?                                                           (Adakah anda menggunakan aplikasi pemantauan kesihatan pada telefon pintar anda?)","Rate the features of the existing applications ?                                                                                 (Nilai bagaimana spesifikasi aplikasi tersebut?)","You think that the interface is interesting and understandable                                                   (Anda merasakan paparan pengguna menarik dan mudah difahami)","Details and records included in the application is enough                                                                    (Maklumat dan rekod data yang disediakan oleh aplikasi mencukupi)","The application is easy to handle                                                                         (Applikasi mudah untuk digunakan)","What improvement do you think is it need to improve the current system?                         (Apakah cara untuk membaik pulih sistem aplikasi yang sedia ada)","Which features would you love to see in our app ","Others recommendation (Cadangan lain-lain):","","","","","",""
"2018/03/18 7:47:58 AM GMT","NO","Not satisfied (Tidak Memuaskan)","Not satisfied (Tidak Memuaskan)","Not satisfied (Tidak Memuaskan)","Not satisfied (Tidak Memuaskan)","I don't use any system..","1.A band strap that can measure heart beat rate, blood pressure, calories burned, walk distance and steps (Gelang yang boleh mengukur nadi jantung, tekanan darah, kalori, jarak berjalan dan langkah berjalan);2.Emergency call to the nearest hospital (Talian panggilan kecemasan ke mana-mana hospital terdekat);3.Online appointment with the doctor and hiring a nurse can be made through the application (Temujanji bersama doktor dan mengupah jururawat boleh dibuat secara atas talian melalui aplikasi);4.Reminder of the appointment, 3 days before, a day before (Peringatan temujanji selama 3 hari sebelum dan sehari sebelum);5.Medical history will be recorded in each signed up account (Rekod kesihatan akan disimpan di dalam setiap akaun yang berdaftar);6.Offline games to release stress and past the time (Permainan luar talian untuk melepaskan stress dan melengahkan masa)","Go ahead for your project","","Male (Lelaki)","Android","International (Antarabangsa)","Md.Afique Amin Zian.","below 40 (bawah 40)"
"2018/03/18 7:50:47 AM GMT","NO","Totally  satisfied (Cukup memuaskan)","Satisfied (Memuaskan)","Totally  satisfied (Cukup memuaskan)","Totally  satisfied (Cukup memuaskan)","","1.A band strap that can measure heart beat rate, blood pressure, calories burned, walk distance and steps (Gelang yang boleh mengukur nadi jantung, tekanan darah, kalori, jarak berjalan dan langkah berjalan);2.Emergency call to the nearest hospital (Talian panggilan kecemasan ke mana-mana hospital terdekat);4.Reminder of the appointment, 3 days before, a day before (Peringatan temujanji selama 3 hari sebelum dan sehari sebelum)","","","Female (Wanita)","iOS","International (Antarabangsa)","Nadia Nowshin","below 40 (bawah 40)"
"2018/03/18 7:58:41 AM GMT","YES","Totally  satisfied (Cukup memuaskan)","Totally  satisfied (Cukup memuaskan)","Totally  satisfied (Cukup memuaskan)","Totally  satisfied (Cukup memuaskan)","","1.A band strap that can measure heart beat rate, blood pressure, calories burned, walk distance and steps (Gelang yang boleh mengukur nadi jantung, tekanan darah, kalori, jarak berjalan dan langkah berjalan)","","","Male (Lelaki)","Android","International (Antarabangsa)","Ribat Al Fahim","below 40 (bawah 40)"
"2018/03/18 7:59:35 AM GMT","YES","Satisfied (Memuaskan)","Satisfied (Memuaskan)","Not satisfied (Tidak Memuaskan)","Satisfied (Memuaskan)","","1.A band strap that can measure heart beat rate, blood pressure, calories burned, walk distance and steps (Gelang yang boleh mengukur nadi jantung, tekanan darah, kalori, jarak berjalan dan langkah berjalan);2.Emergency call to the nearest hospital (Talian panggilan kecemasan ke mana-mana hospital terdekat);4.Reminder of the appointment, 3 days before, a day before (Peringatan temujanji selama 3 hari sebelum dan sehari sebelum);5.Medical history will be recorded in each signed up account (Rekod kesihatan akan disimpan di dalam setiap akaun yang berdaftar)","","","Male (Lelaki)","iOS","International (Antarabangsa)","Mohammad ","below 40 (bawah 40)"
"2018/03/18 8:02:21 AM GMT","YES","Satisfied (Memuaskan)","Satisfied (Memuaskan)","Satisfied (Memuaskan)","Satisfied (Memuaskan)","","1.A band strap that can measure heart beat rate, blood pressure, calories burned, walk distance and steps (Gelang yang boleh mengukur nadi jantung, tekanan darah, kalori, jarak berjalan dan langkah berjalan);2.Emergency call to the nearest hospital (Talian panggilan kecemasan ke mana-mana hospital terdekat);3.Online appointment with the doctor and hiring a nurse can be made through the application (Temujanji bersama doktor dan mengupah jururawat boleh dibuat secara atas talian melalui aplikasi);4.Reminder of the appointment, 3 days before, a day before (Peringatan temujanji selama 3 hari sebelum dan sehari sebelum);5.Medical history will be recorded in each signed up account (Rekod kesihatan akan disimpan di dalam setiap akaun yang berdaftar);6.Offline games to release stress and past the time (Permainan luar talian untuk melepaskan stress dan melengahkan masa)","","","Male (Lelaki)","Android","International (Antarabangsa)","Abdullah ","below 40 (bawah 40)"
"2018/03/18 9:10:25 AM GMT","NO","Satisfied (Memuaskan)","Satisfied (Memuaskan)","Satisfied (Memuaskan)","Totally  satisfied (Cukup memuaskan)","","1.A band strap that can measure heart beat rate, blood pressure, calories burned, walk distance and steps (Gelang yang boleh mengukur nadi jantung, tekanan darah, kalori, jarak berjalan dan langkah berjalan);2.Emergency call to the nearest hospital (Talian panggilan kecemasan ke mana-mana hospital terdekat);3.Online appointment with the doctor and hiring a nurse can be made through the application (Temujanji bersama doktor dan mengupah jururawat boleh dibuat secara atas talian melalui aplikasi);4.Reminder of the appointment, 3 days before, a day before (Peringatan temujanji selama 3 hari sebelum dan sehari sebelum);5.Medical history will be recorded in each signed up account (Rekod kesihatan akan disimpan di dalam setiap akaun yang berdaftar)","","","Male (Lelaki)","Android","International (Antarabangsa)","Anif Minhaz","50-59"
"2018/03/19 4:54:32 AM GMT","YES","Satisfied (Memuaskan)","Satisfied (Memuaskan)","Satisfied (Memuaskan)","Satisfied (Memuaskan)","","1.A band strap that can measure heart beat rate, blood pressure, calories burned, walk distance and steps (Gelang yang boleh mengukur nadi jantung, tekanan darah, kalori, jarak berjalan dan langkah berjalan);2.Emergency call to the nearest hospital (Talian panggilan kecemasan ke mana-mana hospital terdekat);3.Online appointment with the doctor and hiring a nurse can be made through the application (Temujanji bersama doktor dan mengupah jururawat boleh dibuat secara atas talian melalui aplikasi);4.Reminder of the appointment, 3 days before, a day before (Peringatan temujanji selama 3 hari sebelum dan sehari sebelum);5.Medical history will be recorded in each signed up account (Rekod kesihatan akan disimpan di dalam setiap akaun yang berdaftar)","","","Male (Lelaki)","Android","Malaysian (Malaysia)","Ishak Hizam","60-69"
"2018/03/19 4:56:38 AM GMT","YES","Satisfied (Memuaskan)","Not satisfied (Tidak Memuaskan)","Not satisfied (Tidak Memuaskan)","Satisfied (Memuaskan)","","2.Emergency call to the nearest hospital (Talian panggilan kecemasan ke mana-mana hospital terdekat);3.Online appointment with the doctor and hiring a nurse can be made through the application (Temujanji bersama doktor dan mengupah jururawat boleh dibuat secara atas talian melalui aplikasi);4.Reminder of the appointment, 3 days before, a day before (Peringatan temujanji selama 3 hari sebelum dan sehari sebelum);5.Medical history will be recorded in each signed up account (Rekod kesihatan akan disimpan di dalam setiap akaun yang berdaftar);6.Offline games to release stress and past the time (Permainan luar talian untuk melepaskan stress dan melengahkan masa)","","","Male (Lelaki)","iOS","Malaysian (Malaysia)","Rosman","60-69"
"2018/03/19 5:49:26 AM GMT","NO","Totally  satisfied (Cukup memuaskan)","Totally  satisfied (Cukup memuaskan)","Totally  satisfied (Cukup memuaskan)","Totally  satisfied (Cukup memuaskan)","","1.A band strap that can measure heart beat rate, blood pressure, calories burned, walk distance and steps (Gelang yang boleh mengukur nadi jantung, tekanan darah, kalori, jarak berjalan dan langkah berjalan);2.Emergency call to the nearest hospital (Talian panggilan kecemasan ke mana-mana hospital terdekat);3.Online appointment with the doctor and hiring a nurse can be made through the application (Temujanji bersama doktor dan mengupah jururawat boleh dibuat secara atas talian melalui aplikasi);4.Reminder of the appointment, 3 days before, a day before (Peringatan temujanji selama 3 hari sebelum dan sehari sebelum);5.Medical history will be recorded in each signed up account (Rekod kesihatan akan disimpan di dalam setiap akaun yang berdaftar);6.Offline games to release stress and past the time (Permainan luar talian untuk melepaskan stress dan melengahkan masa)","","","Male (Lelaki)","Android","International (Antarabangsa)","Md Imran Khan","below 40 (bawah 40)"
"2018/03/19 7:47:31 AM GMT","YES","Satisfied (Memuaskan)","Satisfied (Memuaskan)","Satisfied (Memuaskan)","Totally  satisfied (Cukup memuaskan)","","1.A band strap that can measure heart beat rate, blood pressure, calories burned, walk distance and steps (Gelang yang boleh mengukur nadi jantung, tekanan darah, kalori, jarak berjalan dan langkah berjalan)","","","Male (Lelaki)","Android","Malaysian (Malaysia)","jamal yunus","50-59"
"2018/03/19 1:11:37 PM GMT","YES","Satisfied (Memuaskan)","Satisfied (Memuaskan)","Satisfied (Memuaskan)","Not satisfied (Tidak Memuaskan)","","1.A band strap that can measure heart beat rate, blood pressure, calories burned, walk distance and steps (Gelang yang boleh mengukur nadi jantung, tekanan darah, kalori, jarak berjalan dan langkah berjalan);2.Emergency call to the nearest hospital (Talian panggilan kecemasan ke mana-mana hospital terdekat);3.Online appointment with the doctor and hiring a nurse can be made through the application (Temujanji bersama doktor dan mengupah jururawat boleh dibuat secara atas talian melalui aplikasi);4.Reminder of the appointment, 3 days before, a day before (Peringatan temujanji selama 3 hari sebelum dan sehari sebelum);5.Medical history will be recorded in each signed up account (Rekod kesihatan akan disimpan di dalam setiap akaun yang berdaftar);6.Offline games to release stress and past the time (Permainan luar talian untuk melepaskan stress dan melengahkan masa)","","","Male (Lelaki)","Android","Malaysian (Malaysia)","Akila","70 or above (atas 70)"
"2018/03/20 1:15:06 PM GMT","YES","Satisfied (Memuaskan)","Satisfied (Memuaskan)","Not satisfied (Tidak Memuaskan)","Not satisfied (Tidak Memuaskan)","","1.A band strap that can measure heart beat rate, blood pressure, calories burned, walk distance and steps (Gelang yang boleh mengukur nadi jantung, tekanan darah, kalori, jarak berjalan dan langkah berjalan);2.Emergency call to the nearest hospital (Talian panggilan kecemasan ke mana-mana hospital terdekat);3.Online appointment with the doctor and hiring a nurse can be made through the application (Temujanji bersama doktor dan mengupah jururawat boleh dibuat secara atas talian melalui aplikasi);4.Reminder of the appointment, 3 days before, a day before (Peringatan temujanji selama 3 hari sebelum dan sehari sebelum);5.Medical history will be recorded in each signed up account (Rekod kesihatan akan disimpan di dalam setiap akaun yang berdaftar);6.Offline games to release stress and past the time (Permainan luar talian untuk melepaskan stress dan melengahkan masa)","","","Male (Lelaki)","Android","Malaysian (Malaysia)","Kashem","50-59"
"2018/03/20 1:26:58 PM GMT","YES","Satisfied (Memuaskan)","Not satisfied (Tidak Memuaskan)","Not satisfied (Tidak Memuaskan)","Not satisfied (Tidak Memuaskan)","","1.A band strap that can measure heart beat rate, blood pressure, calories burned, walk distance and steps (Gelang yang boleh mengukur nadi jantung, tekanan darah, kalori, jarak berjalan dan langkah berjalan);2.Emergency call to the nearest hospital (Talian panggilan kecemasan ke mana-mana hospital terdekat);3.Online appointment with the doctor and hiring a nurse can be made through the application (Temujanji bersama doktor dan mengupah jururawat boleh dibuat secara atas talian melalui aplikasi);4.Reminder of the appointment, 3 days before, a day before (Peringatan temujanji selama 3 hari sebelum dan sehari sebelum);5.Medical history will be recorded in each signed up account (Rekod kesihatan akan disimpan di dalam setiap akaun yang berdaftar);6.Offline games to release stress and past the time (Permainan luar talian untuk melepaskan stress dan melengahkan masa)","","","Male (Lelaki)","Android","Malaysian (Malaysia)","Farah","60-69"
"2018/03/20 1:36:34 PM GMT","YES","Satisfied (Memuaskan)","Not satisfied (Tidak Memuaskan)","Not satisfied (Tidak Memuaskan)","Not satisfied (Tidak Memuaskan)","","1.A band strap that can measure heart beat rate, blood pressure, calories burned, walk distance and steps (Gelang yang boleh mengukur nadi jantung, tekanan darah, kalori, jarak berjalan dan langkah berjalan);2.Emergency call to the nearest hospital (Talian panggilan kecemasan ke mana-mana hospital terdekat);3.Online appointment with the doctor and hiring a nurse can be made through the application (Temujanji bersama doktor dan mengupah jururawat boleh dibuat secara atas talian melalui aplikasi);4.Reminder of the appointment, 3 days before, a day before (Peringatan temujanji selama 3 hari sebelum dan sehari sebelum);5.Medical history will be recorded in each signed up account (Rekod kesihatan akan disimpan di dalam setiap akaun yang berdaftar);6.Offline games to release stress and past the time (Permainan luar talian untuk melepaskan stress dan melengahkan masa)","","","Female (Wanita)","Android","Malaysian (Malaysia)","Hilmi","50-59"
"2018/03/20 1:37:47 PM GMT","YES","Not satisfied (Tidak Memuaskan)","Not satisfied (Tidak Memuaskan)","Not satisfied (Tidak Memuaskan)","Not satisfied (Tidak Memuaskan)","","1.A band strap that can measure heart beat rate, blood pressure, calories burned, walk distance and steps (Gelang yang boleh mengukur nadi jantung, tekanan darah, kalori, jarak berjalan dan langkah berjalan);2.Emergency call to the nearest hospital (Talian panggilan kecemasan ke mana-mana hospital terdekat);3.Online appointment with the doctor and hiring a nurse can be made through the application (Temujanji bersama doktor dan mengupah jururawat boleh dibuat secara atas talian melalui aplikasi);4.Reminder of the appointment, 3 days before, a day before (Peringatan temujanji selama 3 hari sebelum dan sehari sebelum);5.Medical history will be recorded in each signed up account (Rekod kesihatan akan disimpan di dalam setiap akaun yang berdaftar);6.Offline games to release stress and past the time (Permainan luar talian untuk melepaskan stress dan melengahkan masa)","","","Male (Lelaki)","Android","Malaysian (Malaysia)","Aiman","50-59"
"2018/03/20 1:39:11 PM GMT","YES","Satisfied (Memuaskan)","Satisfied (Memuaskan)","Satisfied (Memuaskan)","Not satisfied (Tidak Memuaskan)","","1.A band strap that can measure heart beat rate, blood pressure, calories burned, walk distance and steps (Gelang yang boleh mengukur nadi jantung, tekanan darah, kalori, jarak berjalan dan langkah berjalan);2.Emergency call to the nearest hospital (Talian panggilan kecemasan ke mana-mana hospital terdekat);3.Online appointment with the doctor and hiring a nurse can be made through the application (Temujanji bersama doktor dan mengupah jururawat boleh dibuat secara atas talian melalui aplikasi);4.Reminder of the appointment, 3 days before, a day before (Peringatan temujanji selama 3 hari sebelum dan sehari sebelum);5.Medical history will be recorded in each signed up account (Rekod kesihatan akan disimpan di dalam setiap akaun yang berdaftar);6.Offline games to release stress and past the time (Permainan luar talian untuk melepaskan stress dan melengahkan masa)","","","Female (Wanita)","Android","International (Antarabangsa)","Yi ying","60-69"
"2018/03/20 1:42:00 PM GMT","YES","Satisfied (Memuaskan)","Not satisfied (Tidak Memuaskan)","Not satisfied (Tidak Memuaskan)","Not satisfied (Tidak Memuaskan)","","1.A band strap that can measure heart beat rate, blood pressure, calories burned, walk distance and steps (Gelang yang boleh mengukur nadi jantung, tekanan darah, kalori, jarak berjalan dan langkah berjalan);2.Emergency call to the nearest hospital (Talian panggilan kecemasan ke mana-mana hospital terdekat);3.Online appointment with the doctor and hiring a nurse can be made through the application (Temujanji bersama doktor dan mengupah jururawat boleh dibuat secara atas talian melalui aplikasi);4.Reminder of the appointment, 3 days before, a day before (Peringatan temujanji selama 3 hari sebelum dan sehari sebelum);5.Medical history will be recorded in each signed up account (Rekod kesihatan akan disimpan di dalam setiap akaun yang berdaftar);6.Offline games to release stress and past the time (Permainan luar talian untuk melepaskan stress dan melengahkan masa)","","","Male (Lelaki)","Others (Lain-lain)","Malaysian (Malaysia)","Aisar","50-59"
"2018/03/20 1:43:01 PM GMT","YES","Satisfied (Memuaskan)","Satisfied (Memuaskan)","Not satisfied (Tidak Memuaskan)","Not satisfied (Tidak Memuaskan)","","1.A band strap that can measure heart beat rate, blood pressure, calories burned, walk distance and steps (Gelang yang boleh mengukur nadi jantung, tekanan darah, kalori, jarak berjalan dan langkah berjalan);2.Emergency call to the nearest hospital (Talian panggilan kecemasan ke mana-mana hospital terdekat);3.Online appointment with the doctor and hiring a nurse can be made through the application (Temujanji bersama doktor dan mengupah jururawat boleh dibuat secara atas talian melalui aplikasi);4.Reminder of the appointment, 3 days before, a day before (Peringatan temujanji selama 3 hari sebelum dan sehari sebelum);5.Medical history will be recorded in each signed up account (Rekod kesihatan akan disimpan di dalam setiap akaun yang berdaftar);6.Offline games to release stress and past the time (Permainan luar talian untuk melepaskan stress dan melengahkan masa)","","","Male (Lelaki)","iOS","Malaysian (Malaysia)","Izzat","40-49"
"2018/03/20 1:44:36 PM GMT","YES","Satisfied (Memuaskan)","Satisfied (Memuaskan)","Not satisfied (Tidak Memuaskan)","Satisfied (Memuaskan)","","1.A band strap that can measure heart beat rate, blood pressure, calories burned, walk distance and steps (Gelang yang boleh mengukur nadi jantung, tekanan darah, kalori, jarak berjalan dan langkah berjalan);2.Emergency call to the nearest hospital (Talian panggilan kecemasan ke mana-mana hospital terdekat);3.Online appointment with the doctor and hiring a nurse can be made through the application (Temujanji bersama doktor dan mengupah jururawat boleh dibuat secara atas talian melalui aplikasi);4.Reminder of the appointment, 3 days before, a day before (Peringatan temujanji selama 3 hari sebelum dan sehari sebelum);5.Medical history will be recorded in each signed up account (Rekod kesihatan akan disimpan di dalam setiap akaun yang berdaftar);6.Offline games to release stress and past the time (Permainan luar talian untuk melepaskan stress dan melengahkan masa)","","","Male (Lelaki)","Android;iOS","Malaysian (Malaysia)","Jeshurun david","below 40 (bawah 40)"
"2018/03/20 1:46:01 PM GMT","YES","Satisfied (Memuaskan)","Not satisfied (Tidak Memuaskan)","Not satisfied (Tidak Memuaskan)","Not satisfied (Tidak Memuaskan)","","1.A band strap that can measure heart beat rate, blood pressure, calories burned, walk distance and steps (Gelang yang boleh mengukur nadi jantung, tekanan darah, kalori, jarak berjalan dan langkah berjalan);2.Emergency call to the nearest hospital (Talian panggilan kecemasan ke mana-mana hospital terdekat);3.Online appointment with the doctor and hiring a nurse can be made through the application (Temujanji bersama doktor dan mengupah jururawat boleh dibuat secara atas talian melalui aplikasi);4.Reminder of the appointment, 3 days before, a day before (Peringatan temujanji selama 3 hari sebelum dan sehari sebelum);5.Medical history will be recorded in each signed up account (Rekod kesihatan akan disimpan di dalam setiap akaun yang berdaftar);6.Offline games to release stress and past the time (Permainan luar talian untuk melepaskan stress dan melengahkan masa)","","","Male (Lelaki)","Android","Malaysian (Malaysia)","Shatiish rao","40-49"
"2018/03/20 1:47:35 PM GMT","NO","Satisfied (Memuaskan)","Satisfied (Memuaskan)","Satisfied (Memuaskan)","Not satisfied (Tidak Memuaskan)","","1.A band strap that can measure heart beat rate, blood pressure, calories burned, walk distance and steps (Gelang yang boleh mengukur nadi jantung, tekanan darah, kalori, jarak berjalan dan langkah berjalan);2.Emergency call to the nearest hospital (Talian panggilan kecemasan ke mana-mana hospital terdekat);3.Online appointment with the doctor and hiring a nurse can be made through the application (Temujanji bersama doktor dan mengupah jururawat boleh dibuat secara atas talian melalui aplikasi);4.Reminder of the appointment, 3 days before, a day before (Peringatan temujanji selama 3 hari sebelum dan sehari sebelum);5.Medical history will be recorded in each signed up account (Rekod kesihatan akan disimpan di dalam setiap akaun yang berdaftar);6.Offline games to release stress and past the time (Permainan luar talian untuk melepaskan stress dan melengahkan masa)","","","Female (Wanita)","Others (Lain-lain)","Malaysian (Malaysia)","Syahirah","below 40 (bawah 40)"
"2018/03/20 1:49:40 PM GMT","YES","Satisfied (Memuaskan)","Satisfied (Memuaskan)","Satisfied (Memuaskan)","Satisfied (Memuaskan)","I have no idea","1.A band strap that can measure heart beat rate, blood pressure, calories burned, walk distance and steps (Gelang yang boleh mengukur nadi jantung, tekanan darah, kalori, jarak berjalan dan langkah berjalan)","Nothing","Ok","Male (Lelaki)","Android","International (Antarabangsa)","JUBAYED ","below 40 (bawah 40)"
"2018/03/20 1:51:41 PM GMT","NO","Satisfied (Memuaskan)","Satisfied (Memuaskan)","Satisfied (Memuaskan)","Not satisfied (Tidak Memuaskan)","","1.A band strap that can measure heart beat rate, blood pressure, calories burned, walk distance and steps (Gelang yang boleh mengukur nadi jantung, tekanan darah, kalori, jarak berjalan dan langkah berjalan);2.Emergency call to the nearest hospital (Talian panggilan kecemasan ke mana-mana hospital terdekat);3.Online appointment with the doctor and hiring a nurse can be made through the application (Temujanji bersama doktor dan mengupah jururawat boleh dibuat secara atas talian melalui aplikasi);4.Reminder of the appointment, 3 days before, a day before (Peringatan temujanji selama 3 hari sebelum dan sehari sebelum);5.Medical history will be recorded in each signed up account (Rekod kesihatan akan disimpan di dalam setiap akaun yang berdaftar);6.Offline games to release stress and past the time (Permainan luar talian untuk melepaskan stress dan melengahkan masa)","","","Male (Lelaki)","iOS","Malaysian (Malaysia)","Sulaiman","below 40 (bawah 40)"
"2018/03/20 1:51:58 PM GMT","NO","Satisfied (Memuaskan)","Not satisfied (Tidak Memuaskan)","Satisfied (Memuaskan)","Not satisfied (Tidak Memuaskan)","Don't know ","4.Reminder of the appointment, 3 days before, a day before (Peringatan temujanji selama 3 hari sebelum dan sehari sebelum)","No","Ok","Male (Lelaki)","Android","International (Antarabangsa)","Musabbir ","40-49"
"2018/03/20 1:52:58 PM GMT","NO","Satisfied (Memuaskan)","Satisfied (Memuaskan)","Satisfied (Memuaskan)","Not satisfied (Tidak Memuaskan)","","1.A band strap that can measure heart beat rate, blood pressure, calories burned, walk distance and steps (Gelang yang boleh mengukur nadi jantung, tekanan darah, kalori, jarak berjalan dan langkah berjalan);2.Emergency call to the nearest hospital (Talian panggilan kecemasan ke mana-mana hospital terdekat);3.Online appointment with the doctor and hiring a nurse can be made through the application (Temujanji bersama doktor dan mengupah jururawat boleh dibuat secara atas talian melalui aplikasi);4.Reminder of the appointment, 3 days before, a day before (Peringatan temujanji selama 3 hari sebelum dan sehari sebelum);5.Medical history will be recorded in each signed up account (Rekod kesihatan akan disimpan di dalam setiap akaun yang berdaftar);6.Offline games to release stress and past the time (Permainan luar talian untuk melepaskan stress dan melengahkan masa)","","","Male (Lelaki)","Others (Lain-lain)","Malaysian (Malaysia)","Ibrahim","below 40 (bawah 40)"
"2018/03/20 1:54:31 PM GMT","YES","Totally  satisfied (Cukup memuaskan)","Totally  satisfied (Cukup memuaskan)","Totally  satisfied (Cukup memuaskan)","Not satisfied (Tidak Memuaskan)","Use it easily","2.Emergency call to the nearest hospital (Talian panggilan kecemasan ke mana-mana hospital terdekat)","Read blood pressure ","No platform ","Female (Wanita)","iOS","International (Antarabangsa)","Pinky","40-49"
"2018/03/20 1:54:58 PM GMT","YES","Not satisfied (Tidak Memuaskan)","Satisfied (Memuaskan)","Not satisfied (Tidak Memuaskan)","Not satisfied (Tidak Memuaskan)","","1.A band strap that can measure heart beat rate, blood pressure, calories burned, walk distance and steps (Gelang yang boleh mengukur nadi jantung, tekanan darah, kalori, jarak berjalan dan langkah berjalan);2.Emergency call to the nearest hospital (Talian panggilan kecemasan ke mana-mana hospital terdekat);3.Online appointment with the doctor and hiring a nurse can be made through the application (Temujanji bersama doktor dan mengupah jururawat boleh dibuat secara atas talian melalui aplikasi);4.Reminder of the appointment, 3 days before, a day before (Peringatan temujanji selama 3 hari sebelum dan sehari sebelum);5.Medical history will be recorded in each signed up account (Rekod kesihatan akan disimpan di dalam setiap akaun yang berdaftar);6.Offline games to release stress and past the time (Permainan luar talian untuk melepaskan stress dan melengahkan masa)","","","Female (Wanita)","Android","Malaysian (Malaysia)","Sharifah","below 40 (bawah 40)"
"2018/03/20 1:57:47 PM GMT","YES","Satisfied (Memuaskan)","Not satisfied (Tidak Memuaskan)","Not satisfied (Tidak Memuaskan)","Not satisfied (Tidak Memuaskan)","","1.A band strap that can measure heart beat rate, blood pressure, calories burned, walk distance and steps (Gelang yang boleh mengukur nadi jantung, tekanan darah, kalori, jarak berjalan dan langkah berjalan);2.Emergency call to the nearest hospital (Talian panggilan kecemasan ke mana-mana hospital terdekat);3.Online appointment with the doctor and hiring a nurse can be made through the application (Temujanji bersama doktor dan mengupah jururawat boleh dibuat secara atas talian melalui aplikasi);4.Reminder of the appointment, 3 days before, a day before (Peringatan temujanji selama 3 hari sebelum dan sehari sebelum);5.Medical history will be recorded in each signed up account (Rekod kesihatan akan disimpan di dalam setiap akaun yang berdaftar);6.Offline games to release stress and past the time (Permainan luar talian untuk melepaskan stress dan melengahkan masa)","","","Male (Lelaki)","Android","Malaysian (Malaysia)","Najib razak","below 40 (bawah 40)"
"2018/03/20 2:00:19 PM GMT","YES","Satisfied (Memuaskan)","Satisfied (Memuaskan)","Not satisfied (Tidak Memuaskan)","Not satisfied (Tidak Memuaskan)","","1.A band strap that can measure heart beat rate, blood pressure, calories burned, walk distance and steps (Gelang yang boleh mengukur nadi jantung, tekanan darah, kalori, jarak berjalan dan langkah berjalan);2.Emergency call to the nearest hospital (Talian panggilan kecemasan ke mana-mana hospital terdekat);3.Online appointment with the doctor and hiring a nurse can be made through the application (Temujanji bersama doktor dan mengupah jururawat boleh dibuat secara atas talian melalui aplikasi);4.Reminder of the appointment, 3 days before, a day before (Peringatan temujanji selama 3 hari sebelum dan sehari sebelum);5.Medical history will be recorded in each signed up account (Rekod kesihatan akan disimpan di dalam setiap akaun yang berdaftar);6.Offline games to release stress and past the time (Permainan luar talian untuk melepaskan stress dan melengahkan masa)","","","Female (Wanita)","Others (Lain-lain)","Malaysian (Malaysia)","Shaakira","below 40 (bawah 40)"
"2018/03/20 2:04:22 PM GMT","YES","Satisfied (Memuaskan)","Satisfied (Memuaskan)","Not satisfied (Tidak Memuaskan)","Not satisfied (Tidak Memuaskan)","","1.A band strap that can measure heart beat rate, blood pressure, calories burned, walk distance and steps (Gelang yang boleh mengukur nadi jantung, tekanan darah, kalori, jarak berjalan dan langkah berjalan);2.Emergency call to the nearest hospital (Talian panggilan kecemasan ke mana-mana hospital terdekat);3.Online appointment with the doctor and hiring a nurse can be made through the application (Temujanji bersama doktor dan mengupah jururawat boleh dibuat secara atas talian melalui aplikasi);4.Reminder of the appointment, 3 days before, a day before (Peringatan temujanji selama 3 hari sebelum dan sehari sebelum);5.Medical history will be recorded in each signed up account (Rekod kesihatan akan disimpan di dalam setiap akaun yang berdaftar);6.Offline games to release stress and past the time (Permainan luar talian untuk melepaskan stress dan melengahkan masa)","","","Male (Lelaki)","Android","International (Antarabangsa)","Muhamad","40-49"
"2018/03/20 2:09:33 PM GMT","YES","Satisfied (Memuaskan)","Not satisfied (Tidak Memuaskan)","Not satisfied (Tidak Memuaskan)","Satisfied (Memuaskan)","","1.A band strap that can measure heart beat rate, blood pressure, calories burned, walk distance and steps (Gelang yang boleh mengukur nadi jantung, tekanan darah, kalori, jarak berjalan dan langkah berjalan);2.Emergency call to the nearest hospital (Talian panggilan kecemasan ke mana-mana hospital terdekat);3.Online appointment with the doctor and hiring a nurse can be made through the application (Temujanji bersama doktor dan mengupah jururawat boleh dibuat secara atas talian melalui aplikasi);4.Reminder of the appointment, 3 days before, a day before (Peringatan temujanji selama 3 hari sebelum dan sehari sebelum);5.Medical history will be recorded in each signed up account (Rekod kesihatan akan disimpan di dalam setiap akaun yang berdaftar);6.Offline games to release stress and past the time (Permainan luar talian untuk melepaskan stress dan melengahkan masa)","","","Male (Lelaki)","Others (Lain-lain)","International (Antarabangsa)","Foo li leen","40-49"
"2018/03/20 3:52:29 PM GMT","YES","Not satisfied (Tidak Memuaskan)","Satisfied (Memuaskan)","Not satisfied (Tidak Memuaskan)","Not satisfied (Tidak Memuaskan)","","1.A band strap that can measure heart beat rate, blood pressure, calories burned, walk distance and steps (Gelang yang boleh mengukur nadi jantung, tekanan darah, kalori, jarak berjalan dan langkah berjalan);2.Emergency call to the nearest hospital (Talian panggilan kecemasan ke mana-mana hospital terdekat);4.Reminder of the appointment, 3 days before, a day before (Peringatan temujanji selama 3 hari sebelum dan sehari sebelum);5.Medical history will be recorded in each signed up account (Rekod kesihatan akan disimpan di dalam setiap akaun yang berdaftar);6.Offline games to release stress and past the time (Permainan luar talian untuk melepaskan stress dan melengahkan masa)","","","Female (Wanita)","Android","International (Antarabangsa)","Nazma Begum","50-59"
"2018/03/20 3:54:44 PM GMT","YES","Not satisfied (Tidak Memuaskan)","Satisfied (Memuaskan)","Not satisfied (Tidak Memuaskan)","Not satisfied (Tidak Memuaskan)","","1.A band strap that can measure heart beat rate, blood pressure, calories burned, walk distance and steps (Gelang yang boleh mengukur nadi jantung, tekanan darah, kalori, jarak berjalan dan langkah berjalan);2.Emergency call to the nearest hospital (Talian panggilan kecemasan ke mana-mana hospital terdekat);4.Reminder of the appointment, 3 days before, a day before (Peringatan temujanji selama 3 hari sebelum dan sehari sebelum);5.Medical history will be recorded in each signed up account (Rekod kesihatan akan disimpan di dalam setiap akaun yang berdaftar)","Please try to implement those proposals  ","","Male (Lelaki)","Android","International (Antarabangsa)","Fakrul Kabir Khan","60-69"
"2018/03/20 3:56:44 PM GMT","NO","Satisfied (Memuaskan)","Totally  satisfied (Cukup memuaskan)","Satisfied (Memuaskan)","Satisfied (Memuaskan)","Actually i dont use any app but my friends do and i shared from their experience ","1.A band strap that can measure heart beat rate, blood pressure, calories burned, walk distance and steps (Gelang yang boleh mengukur nadi jantung, tekanan darah, kalori, jarak berjalan dan langkah berjalan);2.Emergency call to the nearest hospital (Talian panggilan kecemasan ke mana-mana hospital terdekat);3.Online appointment with the doctor and hiring a nurse can be made through the application (Temujanji bersama doktor dan mengupah jururawat boleh dibuat secara atas talian melalui aplikasi);4.Reminder of the appointment, 3 days before, a day before (Peringatan temujanji selama 3 hari sebelum dan sehari sebelum);6.Offline games to release stress and past the time (Permainan luar talian untuk melepaskan stress dan melengahkan masa)","","","Male (Lelaki)","iOS","International (Antarabangsa)","Ziaul Islam","50-59"
"2018/03/20 3:59:04 PM GMT","YES","Not satisfied (Tidak Memuaskan)","Satisfied (Memuaskan)","Satisfied (Memuaskan)","Not satisfied (Tidak Memuaskan)","","1.A band strap that can measure heart beat rate, blood pressure, calories burned, walk distance and steps (Gelang yang boleh mengukur nadi jantung, tekanan darah, kalori, jarak berjalan dan langkah berjalan);2.Emergency call to the nearest hospital (Talian panggilan kecemasan ke mana-mana hospital terdekat);4.Reminder of the appointment, 3 days before, a day before (Peringatan temujanji selama 3 hari sebelum dan sehari sebelum);6.Offline games to release stress and past the time (Permainan luar talian untuk melepaskan stress dan melengahkan masa)","","","Female (Wanita)","Android","Malaysian (Malaysia)","Nur Hanani","below 40 (bawah 40)"
"2018/03/20 3:59:59 PM GMT","YES","Not satisfied (Tidak Memuaskan)","Satisfied (Memuaskan)","Not satisfied (Tidak Memuaskan)","Satisfied (Memuaskan)","","1.A band strap that can measure heart beat rate, blood pressure, calories burned, walk distance and steps (Gelang yang boleh mengukur nadi jantung, tekanan darah, kalori, jarak berjalan dan langkah berjalan);2.Emergency call to the nearest hospital (Talian panggilan kecemasan ke mana-mana hospital terdekat);3.Online appointment with the doctor and hiring a nurse can be made through the application (Temujanji bersama doktor dan mengupah jururawat boleh dibuat secara atas talian melalui aplikasi);4.Reminder of the appointment, 3 days before, a day before (Peringatan temujanji selama 3 hari sebelum dan sehari sebelum);6.Offline games to release stress and past the time (Permainan luar talian untuk melepaskan stress dan melengahkan masa)","","","Female (Wanita)","iOS","Malaysian (Malaysia)","Puteri ","below 40 (bawah 40)"
"2018/03/20 4:38:27 PM GMT","YES","Satisfied (Memuaskan)","Not satisfied (Tidak Memuaskan)","Satisfied (Memuaskan)","Satisfied (Memuaskan)","","3.Online appointment with the doctor and hiring a nurse can be made through the application (Temujanji bersama doktor dan mengupah jururawat boleh dibuat secara atas talian melalui aplikasi);5.Medical history will be recorded in each signed up account (Rekod kesihatan akan disimpan di dalam setiap akaun yang berdaftar)","","","Male (Lelaki)","Android","International (Antarabangsa)","Istiak","below 40 (bawah 40)"
"2018/03/21 4:51:30 AM GMT","NO","Satisfied (Memuaskan)","Satisfied (Memuaskan)","Satisfied (Memuaskan)","Satisfied (Memuaskan)","","1.A band strap that can measure heart beat rate, blood pressure, calories burned, walk distance and steps (Gelang yang boleh mengukur nadi jantung, tekanan darah, kalori, jarak berjalan dan langkah berjalan);2.Emergency call to the nearest hospital (Talian panggilan kecemasan ke mana-mana hospital terdekat);3.Online appointment with the doctor and hiring a nurse can be made through the application (Temujanji bersama doktor dan mengupah jururawat boleh dibuat secara atas talian melalui aplikasi);4.Reminder of the appointment, 3 days before, a day before (Peringatan temujanji selama 3 hari sebelum dan sehari sebelum);5.Medical history will be recorded in each signed up account (Rekod kesihatan akan disimpan di dalam setiap akaun yang berdaftar);6.Offline games to release stress and past the time (Permainan luar talian untuk melepaskan stress dan melengahkan masa)","","","Female (Wanita)","Android","Malaysian (Malaysia)","che ta","below 40 (bawah 40)"
"2018/03/21 11:49:35 AM GMT","YES","Totally  satisfied (Cukup memuaskan)","Totally  satisfied (Cukup memuaskan)","Totally  satisfied (Cukup memuaskan)","Totally  satisfied (Cukup memuaskan)","","3.Online appointment with the doctor and hiring a nurse can be made through the application (Temujanji bersama doktor dan mengupah jururawat boleh dibuat secara atas talian melalui aplikasi)","","","Female (Wanita)","Android","International (Antarabangsa)","Tahira tabassum","below 40 (bawah 40)"
"2018/03/21 11:50:32 AM GMT","YES","Totally  satisfied (Cukup memuaskan)","Totally  satisfied (Cukup memuaskan)","Totally  satisfied (Cukup memuaskan)","Totally  satisfied (Cukup memuaskan)","","2.Emergency call to the nearest hospital (Talian panggilan kecemasan ke mana-mana hospital terdekat)","","","Female (Wanita)","Android","International (Antarabangsa)","Meher zafrin","40-49"
"2018/03/23 1:59:32 PM GMT","NO","Not satisfied (Tidak Memuaskan)","Not satisfied (Tidak Memuaskan)","Not satisfied (Tidak Memuaskan)","Not satisfied (Tidak Memuaskan)","","1.A band strap that can measure heart beat rate, blood pressure, calories burned, walk distance and steps (Gelang yang boleh mengukur nadi jantung, tekanan darah, kalori, jarak berjalan dan langkah berjalan);3.Online appointment with the doctor and hiring a nurse can be made through the application (Temujanji bersama doktor dan mengupah jururawat boleh dibuat secara atas talian melalui aplikasi);4.Reminder of the appointment, 3 days before, a day before (Peringatan temujanji selama 3 hari sebelum dan sehari sebelum);5.Medical history will be recorded in each signed up account (Rekod kesihatan akan disimpan di dalam setiap akaun yang berdaftar)","","","Male (Lelaki)","iOS","Malaysian (Malaysia)","Muhammad Haziq Azizi bin Azizan ","below 40 (bawah 40)"
"2018/03/24 6:29:23 AM GMT","NO","Totally  satisfied (Cukup memuaskan)","Totally  satisfied (Cukup memuaskan)","Totally  satisfied (Cukup memuaskan)","Satisfied (Memuaskan)","Speed","4.Reminder of the appointment, 3 days before, a day before (Peringatan temujanji selama 3 hari sebelum dan sehari sebelum)","","","Male (Lelaki)","iOS","Malaysian (Malaysia)","Janal","below 40 (bawah 40)"
"2018/03/24 6:30:32 AM GMT","NO","Not satisfied (Tidak Memuaskan)","Totally  satisfied (Cukup memuaskan)","Satisfied (Memuaskan)","Satisfied (Memuaskan)","Relevant","3.Online appointment with the doctor and hiring a nurse can be made through the application (Temujanji bersama doktor dan mengupah jururawat boleh dibuat secara atas talian melalui aplikasi)","Relevant doctor apps","","Male (Lelaki)","iOS","Malaysian (Malaysia)","Ali","below 40 (bawah 40)"
"2018/03/24 6:31:28 AM GMT","YES","Satisfied (Memuaskan)","Satisfied (Memuaskan)","Satisfied (Memuaskan)","Satisfied (Memuaskan)","","1.A band strap that can measure heart beat rate, blood pressure, calories burned, walk distance and steps (Gelang yang boleh mengukur nadi jantung, tekanan darah, kalori, jarak berjalan dan langkah berjalan);2.Emergency call to the nearest hospital (Talian panggilan kecemasan ke mana-mana hospital terdekat);3.Online appointment with the doctor and hiring a nurse can be made through the application (Temujanji bersama doktor dan mengupah jururawat boleh dibuat secara atas talian melalui aplikasi);4.Reminder of the appointment, 3 days before, a day before (Peringatan temujanji selama 3 hari sebelum dan sehari sebelum);5.Medical history will be recorded in each signed up account (Rekod kesihatan akan disimpan di dalam setiap akaun yang berdaftar);6.Offline games to release stress and past the time (Permainan luar talian untuk melepaskan stress dan melengahkan masa)","","","Male (Lelaki)","Android","International (Antarabangsa)","Farhad Ahmed","below 40 (bawah 40)"
"2018/03/24 6:33:58 AM GMT","NO","Satisfied (Memuaskan)","Satisfied (Memuaskan)","Totally  satisfied (Cukup memuaskan)","Totally  satisfied (Cukup memuaskan)","","3.Online appointment with the doctor and hiring a nurse can be made through the application (Temujanji bersama doktor dan mengupah jururawat boleh dibuat secara atas talian melalui aplikasi)","Faster apps","","Male (Lelaki)","Android","International (Antarabangsa)","Sayyid","below 40 (bawah 40)"
"2018/03/24 6:35:33 AM GMT","NO","Not satisfied (Tidak Memuaskan)","Not satisfied (Tidak Memuaskan)","Not satisfied (Tidak Memuaskan)","Not satisfied (Tidak Memuaskan)","its complecated","1.A band strap that can measure heart beat rate, blood pressure, calories burned, walk distance and steps (Gelang yang boleh mengukur nadi jantung, tekanan darah, kalori, jarak berjalan dan langkah berjalan);2.Emergency call to the nearest hospital (Talian panggilan kecemasan ke mana-mana hospital terdekat);3.Online appointment with the doctor and hiring a nurse can be made through the application (Temujanji bersama doktor dan mengupah jururawat boleh dibuat secara atas talian melalui aplikasi);4.Reminder of the appointment, 3 days before, a day before (Peringatan temujanji selama 3 hari sebelum dan sehari sebelum);5.Medical history will be recorded in each signed up account (Rekod kesihatan akan disimpan di dalam setiap akaun yang berdaftar);6.Offline games to release stress and past the time (Permainan luar talian untuk melepaskan stress dan melengahkan masa)","","","Female (Wanita)","Android","International (Antarabangsa)","Fatema yeasmin","50-59"
"2018/03/24 6:36:36 AM GMT","NO","Not satisfied (Tidak Memuaskan)","Totally  satisfied (Cukup memuaskan)","Satisfied (Memuaskan)","Totally  satisfied (Cukup memuaskan)","Bigger fonts","4.Reminder of the appointment, 3 days before, a day before (Peringatan temujanji selama 3 hari sebelum dan sehari sebelum)","","","Male (Lelaki)","Android","International (Antarabangsa)","Yousef","50-59"
"2018/03/24 6:37:09 AM GMT","YES","Totally  satisfied (Cukup memuaskan)","Totally  satisfied (Cukup memuaskan)","Satisfied (Memuaskan)","Satisfied (Memuaskan)","","1.A band strap that can measure heart beat rate, blood pressure, calories burned, walk distance and steps (Gelang yang boleh mengukur nadi jantung, tekanan darah, kalori, jarak berjalan dan langkah berjalan);2.Emergency call to the nearest hospital (Talian panggilan kecemasan ke mana-mana hospital terdekat);3.Online appointment with the doctor and hiring a nurse can be made through the application (Temujanji bersama doktor dan mengupah jururawat boleh dibuat secara atas talian melalui aplikasi);4.Reminder of the appointment, 3 days before, a day before (Peringatan temujanji selama 3 hari sebelum dan sehari sebelum);5.Medical history will be recorded in each signed up account (Rekod kesihatan akan disimpan di dalam setiap akaun yang berdaftar)","","","Male (Lelaki)","Android","International (Antarabangsa)","Sheikh Mujibor Rahman","70 or above (atas 70)"
"2018/03/24 6:37:39 AM GMT","NO","Totally  satisfied (Cukup memuaskan)","Totally  satisfied (Cukup memuaskan)","Satisfied (Memuaskan)","Satisfied (Memuaskan)","","4.Reminder of the appointment, 3 days before, a day before (Peringatan temujanji selama 3 hari sebelum dan sehari sebelum)","","Linux","Female (Wanita)","Others (Lain-lain)","Malaysian (Malaysia)","Asni","below 40 (bawah 40)"
"2018/03/24 6:38:17 AM GMT","YES","Satisfied (Memuaskan)","Totally  satisfied (Cukup memuaskan)","Satisfied (Memuaskan)","Totally  satisfied (Cukup memuaskan)","","1.A band strap that can measure heart beat rate, blood pressure, calories burned, walk distance and steps (Gelang yang boleh mengukur nadi jantung, tekanan darah, kalori, jarak berjalan dan langkah berjalan);2.Emergency call to the nearest hospital (Talian panggilan kecemasan ke mana-mana hospital terdekat);3.Online appointment with the doctor and hiring a nurse can be made through the application (Temujanji bersama doktor dan mengupah jururawat boleh dibuat secara atas talian melalui aplikasi);4.Reminder of the appointment, 3 days before, a day before (Peringatan temujanji selama 3 hari sebelum dan sehari sebelum);5.Medical history will be recorded in each signed up account (Rekod kesihatan akan disimpan di dalam setiap akaun yang berdaftar);6.Offline games to release stress and past the time (Permainan luar talian untuk melepaskan stress dan melengahkan masa)","","","Male (Lelaki)","Android","Malaysian (Malaysia)","Faisal Hakim","below 40 (bawah 40)"
"2018/03/24 6:38:58 AM GMT","YES","Satisfied (Memuaskan)","Satisfied (Memuaskan)","Satisfied (Memuaskan)","Satisfied (Memuaskan)","Bigger fonts","4.Reminder of the appointment, 3 days before, a day before (Peringatan temujanji selama 3 hari sebelum dan sehari sebelum)","","","Male (Lelaki)","Android","International (Antarabangsa)","Zuri","below 40 (bawah 40)"
"2018/03/24 6:39:23 AM GMT","NO","Totally  satisfied (Cukup memuaskan)","Satisfied (Memuaskan)","Totally  satisfied (Cukup memuaskan)","Satisfied (Memuaskan)","","1.A band strap that can measure heart beat rate, blood pressure, calories burned, walk distance and steps (Gelang yang boleh mengukur nadi jantung, tekanan darah, kalori, jarak berjalan dan langkah berjalan);2.Emergency call to the nearest hospital (Talian panggilan kecemasan ke mana-mana hospital terdekat);3.Online appointment with the doctor and hiring a nurse can be made through the application (Temujanji bersama doktor dan mengupah jururawat boleh dibuat secara atas talian melalui aplikasi);4.Reminder of the appointment, 3 days before, a day before (Peringatan temujanji selama 3 hari sebelum dan sehari sebelum);5.Medical history will be recorded in each signed up account (Rekod kesihatan akan disimpan di dalam setiap akaun yang berdaftar);6.Offline games to release stress and past the time (Permainan luar talian untuk melepaskan stress dan melengahkan masa)","","","Male (Lelaki)","iOS","Malaysian (Malaysia)","ZAN","below 40 (bawah 40)"
"2018/03/24 6:39:52 AM GMT","YES","Satisfied (Memuaskan)","Satisfied (Memuaskan)","Not satisfied (Tidak Memuaskan)","Satisfied (Memuaskan)","Bigger fonts","3.Online appointment with the doctor and hiring a nurse can be made through the application (Temujanji bersama doktor dan mengupah jururawat boleh dibuat secara atas talian melalui aplikasi)","","","Female (Wanita)","Android","International (Antarabangsa)","Eshaa","50-59"
"2018/03/24 6:40:15 AM GMT","YES","Totally  satisfied (Cukup memuaskan)","Totally  satisfied (Cukup memuaskan)","Totally  satisfied (Cukup memuaskan)","Totally  satisfied (Cukup memuaskan)","","1.A band strap that can measure heart beat rate, blood pressure, calories burned, walk distance and steps (Gelang yang boleh mengukur nadi jantung, tekanan darah, kalori, jarak berjalan dan langkah berjalan);2.Emergency call to the nearest hospital (Talian panggilan kecemasan ke mana-mana hospital terdekat);3.Online appointment with the doctor and hiring a nurse can be made through the application (Temujanji bersama doktor dan mengupah jururawat boleh dibuat secara atas talian melalui aplikasi);4.Reminder of the appointment, 3 days before, a day before (Peringatan temujanji selama 3 hari sebelum dan sehari sebelum);5.Medical history will be recorded in each signed up account (Rekod kesihatan akan disimpan di dalam setiap akaun yang berdaftar)","","","Male (Lelaki)","iOS","Malaysian (Malaysia)","Ibrahim bin uzair","40-49"
"2018/03/24 6:40:23 AM GMT","YES","Satisfied (Memuaskan)","Satisfied (Memuaskan)","Satisfied (Memuaskan)","Satisfied (Memuaskan)","","1.A band strap that can measure heart beat rate, blood pressure, calories burned, walk distance and steps (Gelang yang boleh mengukur nadi jantung, tekanan darah, kalori, jarak berjalan dan langkah berjalan);2.Emergency call to the nearest hospital (Talian panggilan kecemasan ke mana-mana hospital terdekat);3.Online appointment with the doctor and hiring a nurse can be made through the application (Temujanji bersama doktor dan mengupah jururawat boleh dibuat secara atas talian melalui aplikasi);4.Reminder of the appointment, 3 days before, a day before (Peringatan temujanji selama 3 hari sebelum dan sehari sebelum);5.Medical history will be recorded in each signed up account (Rekod kesihatan akan disimpan di dalam setiap akaun yang berdaftar)","","","Female (Wanita)","Android","International (Antarabangsa)","tasnuma haque","below 40 (bawah 40)"
"2018/03/24 6:41:01 AM GMT","YES","Satisfied (Memuaskan)","Satisfied (Memuaskan)","Satisfied (Memuaskan)","Satisfied (Memuaskan)","","3.Online appointment with the doctor and hiring a nurse can be made through the application (Temujanji bersama doktor dan mengupah jururawat boleh dibuat secara atas talian melalui aplikasi)","","","Male (Lelaki)","Android","Malaysian (Malaysia)","Halim","60-69"
"2018/03/24 6:41:06 AM GMT","YES","Satisfied (Memuaskan)","Totally  satisfied (Cukup memuaskan)","Satisfied (Memuaskan)","Totally  satisfied (Cukup memuaskan)","","1.A band strap that can measure heart beat rate, blood pressure, calories burned, walk distance and steps (Gelang yang boleh mengukur nadi jantung, tekanan darah, kalori, jarak berjalan dan langkah berjalan);2.Emergency call to the nearest hospital (Talian panggilan kecemasan ke mana-mana hospital terdekat);3.Online appointment with the doctor and hiring a nurse can be made through the application (Temujanji bersama doktor dan mengupah jururawat boleh dibuat secara atas talian melalui aplikasi);4.Reminder of the appointment, 3 days before, a day before (Peringatan temujanji selama 3 hari sebelum dan sehari sebelum);5.Medical history will be recorded in each signed up account (Rekod kesihatan akan disimpan di dalam setiap akaun yang berdaftar)","","","Male (Lelaki)","Android","International (Antarabangsa)","Ziaur Rahman","50-59"
"2018/03/24 6:41:15 AM GMT","NO","Not satisfied (Tidak Memuaskan)","Not satisfied (Tidak Memuaskan)","Not satisfied (Tidak Memuaskan)","Not satisfied (Tidak Memuaskan)","","1.A band strap that can measure heart beat rate, blood pressure, calories burned, walk distance and steps (Gelang yang boleh mengukur nadi jantung, tekanan darah, kalori, jarak berjalan dan langkah berjalan);2.Emergency call to the nearest hospital (Talian panggilan kecemasan ke mana-mana hospital terdekat);3.Online appointment with the doctor and hiring a nurse can be made through the application (Temujanji bersama doktor dan mengupah jururawat boleh dibuat secara atas talian melalui aplikasi);4.Reminder of the appointment, 3 days before, a day before (Peringatan temujanji selama 3 hari sebelum dan sehari sebelum);5.Medical history will be recorded in each signed up account (Rekod kesihatan akan disimpan di dalam setiap akaun yang berdaftar)","","","Male (Lelaki)","Android","International (Antarabangsa)","abdul huq","60-69"
"2018/03/24 6:42:01 AM GMT","NO","Not satisfied (Tidak Memuaskan)","Not satisfied (Tidak Memuaskan)","Not satisfied (Tidak Memuaskan)","Not satisfied (Tidak Memuaskan)","","1.A band strap that can measure heart beat rate, blood pressure, calories burned, walk distance and steps (Gelang yang boleh mengukur nadi jantung, tekanan darah, kalori, jarak berjalan dan langkah berjalan);2.Emergency call to the nearest hospital (Talian panggilan kecemasan ke mana-mana hospital terdekat);3.Online appointment with the doctor and hiring a nurse can be made through the application (Temujanji bersama doktor dan mengupah jururawat boleh dibuat secara atas talian melalui aplikasi);4.Reminder of the appointment, 3 days before, a day before (Peringatan temujanji selama 3 hari sebelum dan sehari sebelum);5.Medical history will be recorded in each signed up account (Rekod kesihatan akan disimpan di dalam setiap akaun yang berdaftar)","","","Male (Lelaki)","Android","International (Antarabangsa)","emdadul karim","70 or above (atas 70)"
"2018/03/24 6:42:19 AM GMT","YES","Totally  satisfied (Cukup memuaskan)","Satisfied (Memuaskan)","Satisfied (Memuaskan)","Satisfied (Memuaskan)","","1.A band strap that can measure heart beat rate, blood pressure, calories burned, walk distance and steps (Gelang yang boleh mengukur nadi jantung, tekanan darah, kalori, jarak berjalan dan langkah berjalan);2.Emergency call to the nearest hospital (Talian panggilan kecemasan ke mana-mana hospital terdekat);3.Online appointment with the doctor and hiring a nurse can be made through the application (Temujanji bersama doktor dan mengupah jururawat boleh dibuat secara atas talian melalui aplikasi);4.Reminder of the appointment, 3 days before, a day before (Peringatan temujanji selama 3 hari sebelum dan sehari sebelum);5.Medical history will be recorded in each signed up account (Rekod kesihatan akan disimpan di dalam setiap akaun yang berdaftar);6.Offline games to release stress and past the time (Permainan luar talian untuk melepaskan stress dan melengahkan masa)","","","Male (Lelaki)","Android","Malaysian (Malaysia)","Azmil Afifi","below 40 (bawah 40)"
"2018/03/24 6:43:24 AM GMT","NO","Not satisfied (Tidak Memuaskan)","Not satisfied (Tidak Memuaskan)","Not satisfied (Tidak Memuaskan)","Not satisfied (Tidak Memuaskan)","","1.A band strap that can measure heart beat rate, blood pressure, calories burned, walk distance and steps (Gelang yang boleh mengukur nadi jantung, tekanan darah, kalori, jarak berjalan dan langkah berjalan);2.Emergency call to the nearest hospital (Talian panggilan kecemasan ke mana-mana hospital terdekat);3.Online appointment with the doctor and hiring a nurse can be made through the application (Temujanji bersama doktor dan mengupah jururawat boleh dibuat secara atas talian melalui aplikasi);4.Reminder of the appointment, 3 days before, a day before (Peringatan temujanji selama 3 hari sebelum dan sehari sebelum);5.Medical history will be recorded in each signed up account (Rekod kesihatan akan disimpan di dalam setiap akaun yang berdaftar)","","","Female (Wanita)","Others (Lain-lain)","International (Antarabangsa)","Mosrafa begum","60-69"
"2018/03/24 6:44:19 AM GMT","NO","Not satisfied (Tidak Memuaskan)","Not satisfied (Tidak Memuaskan)","Not satisfied (Tidak Memuaskan)","Not satisfied (Tidak Memuaskan)","","1.A band strap that can measure heart beat rate, blood pressure, calories burned, walk distance and steps (Gelang yang boleh mengukur nadi jantung, tekanan darah, kalori, jarak berjalan dan langkah berjalan);2.Emergency call to the nearest hospital (Talian panggilan kecemasan ke mana-mana hospital terdekat);3.Online appointment with the doctor and hiring a nurse can be made through the application (Temujanji bersama doktor dan mengupah jururawat boleh dibuat secara atas talian melalui aplikasi);4.Reminder of the appointment, 3 days before, a day before (Peringatan temujanji selama 3 hari sebelum dan sehari sebelum);5.Medical history will be recorded in each signed up account (Rekod kesihatan akan disimpan di dalam setiap akaun yang berdaftar);6.Offline games to release stress and past the time (Permainan luar talian untuk melepaskan stress dan melengahkan masa)","","","Female (Wanita)","Android","International (Antarabangsa)","Kamrunessa","50-59"
"2018/03/24 6:45:08 AM GMT","YES","Satisfied (Memuaskan)","Satisfied (Memuaskan)","Satisfied (Memuaskan)","Satisfied (Memuaskan)","","1.A band strap that can measure heart beat rate, blood pressure, calories burned, walk distance and steps (Gelang yang boleh mengukur nadi jantung, tekanan darah, kalori, jarak berjalan dan langkah berjalan);2.Emergency call to the nearest hospital (Talian panggilan kecemasan ke mana-mana hospital terdekat);3.Online appointment with the doctor and hiring a nurse can be made through the application (Temujanji bersama doktor dan mengupah jururawat boleh dibuat secara atas talian melalui aplikasi);4.Reminder of the appointment, 3 days before, a day before (Peringatan temujanji selama 3 hari sebelum dan sehari sebelum);5.Medical history will be recorded in each signed up account (Rekod kesihatan akan disimpan di dalam setiap akaun yang berdaftar);6.Offline games to release stress and past the time (Permainan luar talian untuk melepaskan stress dan melengahkan masa)","","","Male (Lelaki)","Android","International (Antarabangsa)","rezaul karim","50-59"
"2018/03/24 6:45:59 AM GMT","YES","Totally  satisfied (Cukup memuaskan)","Totally  satisfied (Cukup memuaskan)","Totally  satisfied (Cukup memuaskan)","Totally  satisfied (Cukup memuaskan)","","1.A band strap that can measure heart beat rate, blood pressure, calories burned, walk distance and steps (Gelang yang boleh mengukur nadi jantung, tekanan darah, kalori, jarak berjalan dan langkah berjalan);2.Emergency call to the nearest hospital (Talian panggilan kecemasan ke mana-mana hospital terdekat);3.Online appointment with the doctor and hiring a nurse can be made through the application (Temujanji bersama doktor dan mengupah jururawat boleh dibuat secara atas talian melalui aplikasi);4.Reminder of the appointment, 3 days before, a day before (Peringatan temujanji selama 3 hari sebelum dan sehari sebelum);5.Medical history will be recorded in each signed up account (Rekod kesihatan akan disimpan di dalam setiap akaun yang berdaftar);6.Offline games to release stress and past the time (Permainan luar talian untuk melepaskan stress dan melengahkan masa)","","","Male (Lelaki)","iOS","International (Antarabangsa)","Zahedul islam","40-49"
"2018/03/24 6:48:55 AM GMT","YES","Totally  satisfied (Cukup memuaskan)","Totally  satisfied (Cukup memuaskan)","Satisfied (Memuaskan)","Satisfied (Memuaskan)","","1.A band strap that can measure heart beat rate, blood pressure, calories burned, walk distance and steps (Gelang yang boleh mengukur nadi jantung, tekanan darah, kalori, jarak berjalan dan langkah berjalan);2.Emergency call to the nearest hospital (Talian panggilan kecemasan ke mana-mana hospital terdekat);3.Online appointment with the doctor and hiring a nurse can be made through the application (Temujanji bersama doktor dan mengupah jururawat boleh dibuat secara atas talian melalui aplikasi);4.Reminder of the appointment, 3 days before, a day before (Peringatan temujanji selama 3 hari sebelum dan sehari sebelum);5.Medical history will be recorded in each signed up account (Rekod kesihatan akan disimpan di dalam setiap akaun yang berdaftar);6.Offline games to release stress and past the time (Permainan luar talian untuk melepaskan stress dan melengahkan masa)","","","Male (Lelaki)","Android","Malaysian (Malaysia)","Amir Faisal","below 40 (bawah 40)"
"2018/03/24 6:49:13 AM GMT","YES","Satisfied (Memuaskan)","Satisfied (Memuaskan)","Satisfied (Memuaskan)","Satisfied (Memuaskan)","","1.A band strap that can measure heart beat rate, blood pressure, calories burned, walk distance and steps (Gelang yang boleh mengukur nadi jantung, tekanan darah, kalori, jarak berjalan dan langkah berjalan);2.Emergency call to the nearest hospital (Talian panggilan kecemasan ke mana-mana hospital terdekat);3.Online appointment with the doctor and hiring a nurse can be made through the application (Temujanji bersama doktor dan mengupah jururawat boleh dibuat secara atas talian melalui aplikasi);4.Reminder of the appointment, 3 days before, a day before (Peringatan temujanji selama 3 hari sebelum dan sehari sebelum);5.Medical history will be recorded in each signed up account (Rekod kesihatan akan disimpan di dalam setiap akaun yang berdaftar)","","","Male (Lelaki)","iOS","International (Antarabangsa)","Irfan uddin","50-59"
"2018/03/24 6:49:43 AM GMT","YES","Totally  satisfied (Cukup memuaskan)","Satisfied (Memuaskan)","Satisfied (Memuaskan)","Totally  satisfied (Cukup memuaskan)","","1.A band strap that can measure heart beat rate, blood pressure, calories burned, walk distance and steps (Gelang yang boleh mengukur nadi jantung, tekanan darah, kalori, jarak berjalan dan langkah berjalan);2.Emergency call to the nearest hospital (Talian panggilan kecemasan ke mana-mana hospital terdekat);3.Online appointment with the doctor and hiring a nurse can be made through the application (Temujanji bersama doktor dan mengupah jururawat boleh dibuat secara atas talian melalui aplikasi);4.Reminder of the appointment, 3 days before, a day before (Peringatan temujanji selama 3 hari sebelum dan sehari sebelum);5.Medical history will be recorded in each signed up account (Rekod kesihatan akan disimpan di dalam setiap akaun yang berdaftar);6.Offline games to release stress and past the time (Permainan luar talian untuk melepaskan stress dan melengahkan masa)","","","Male (Lelaki)","Android","International (Antarabangsa)","Mohammad Nazmul","50-59"
"2018/03/24 6:50:05 AM GMT","YES","Satisfied (Memuaskan)","Satisfied (Memuaskan)","Satisfied (Memuaskan)","Satisfied (Memuaskan)","","1.A band strap that can measure heart beat rate, blood pressure, calories burned, walk distance and steps (Gelang yang boleh mengukur nadi jantung, tekanan darah, kalori, jarak berjalan dan langkah berjalan);2.Emergency call to the nearest hospital (Talian panggilan kecemasan ke mana-mana hospital terdekat);3.Online appointment with the doctor and hiring a nurse can be made through the application (Temujanji bersama doktor dan mengupah jururawat boleh dibuat secara atas talian melalui aplikasi);4.Reminder of the appointment, 3 days before, a day before (Peringatan temujanji selama 3 hari sebelum dan sehari sebelum);5.Medical history will be recorded in each signed up account (Rekod kesihatan akan disimpan di dalam setiap akaun yang berdaftar);6.Offline games to release stress and past the time (Permainan luar talian untuk melepaskan stress dan melengahkan masa)","","","Male (Lelaki)","iOS","International (Antarabangsa)","Mostafa sarwar","50-59"
"2018/03/24 6:50:15 AM GMT","YES","Satisfied (Memuaskan)","Not satisfied (Tidak Memuaskan)","Satisfied (Memuaskan)","Satisfied (Memuaskan)","","1.A band strap that can measure heart beat rate, blood pressure, calories burned, walk distance and steps (Gelang yang boleh mengukur nadi jantung, tekanan darah, kalori, jarak berjalan dan langkah berjalan);2.Emergency call to the nearest hospital (Talian panggilan kecemasan ke mana-mana hospital terdekat);3.Online appointment with the doctor and hiring a nurse can be made through the application (Temujanji bersama doktor dan mengupah jururawat boleh dibuat secara atas talian melalui aplikasi);4.Reminder of the appointment, 3 days before, a day before (Peringatan temujanji selama 3 hari sebelum dan sehari sebelum);5.Medical history will be recorded in each signed up account (Rekod kesihatan akan disimpan di dalam setiap akaun yang berdaftar);6.Offline games to release stress and past the time (Permainan luar talian untuk melepaskan stress dan melengahkan masa)","","","Male (Lelaki)","iOS","International (Antarabangsa)","Mostafa Amir Faisal","below 40 (bawah 40)"
"2018/03/24 6:50:55 AM GMT","YES","Not satisfied (Tidak Memuaskan)","Not satisfied (Tidak Memuaskan)","Not satisfied (Tidak Memuaskan)","Not satisfied (Tidak Memuaskan)","","1.A band strap that can measure heart beat rate, blood pressure, calories burned, walk distance and steps (Gelang yang boleh mengukur nadi jantung, tekanan darah, kalori, jarak berjalan dan langkah berjalan);2.Emergency call to the nearest hospital (Talian panggilan kecemasan ke mana-mana hospital terdekat);3.Online appointment with the doctor and hiring a nurse can be made through the application (Temujanji bersama doktor dan mengupah jururawat boleh dibuat secara atas talian melalui aplikasi);4.Reminder of the appointment, 3 days before, a day before (Peringatan temujanji selama 3 hari sebelum dan sehari sebelum);5.Medical history will be recorded in each signed up account (Rekod kesihatan akan disimpan di dalam setiap akaun yang berdaftar);6.Offline games to release stress and past the time (Permainan luar talian untuk melepaskan stress dan melengahkan masa)","","","Male (Lelaki)","Android;iOS","International (Antarabangsa)","Kalimuddin","40-49"
"2018/03/24 6:51:44 AM GMT","NO","Not satisfied (Tidak Memuaskan)","Not satisfied (Tidak Memuaskan)","Not satisfied (Tidak Memuaskan)","Not satisfied (Tidak Memuaskan)","","1.A band strap that can measure heart beat rate, blood pressure, calories burned, walk distance and steps (Gelang yang boleh mengukur nadi jantung, tekanan darah, kalori, jarak berjalan dan langkah berjalan);2.Emergency call to the nearest hospital (Talian panggilan kecemasan ke mana-mana hospital terdekat);3.Online appointment with the doctor and hiring a nurse can be made through the application (Temujanji bersama doktor dan mengupah jururawat boleh dibuat secara atas talian melalui aplikasi);4.Reminder of the appointment, 3 days before, a day before (Peringatan temujanji selama 3 hari sebelum dan sehari sebelum);5.Medical history will be recorded in each signed up account (Rekod kesihatan akan disimpan di dalam setiap akaun yang berdaftar);6.Offline games to release stress and past the time (Permainan luar talian untuk melepaskan stress dan melengahkan masa)","","","Female (Wanita)","Others (Lain-lain)","International (Antarabangsa)","Zarina Khatun","50-59"
"2018/03/24 6:51:46 AM GMT","YES","Totally  satisfied (Cukup memuaskan)","Satisfied (Memuaskan)","Satisfied (Memuaskan)","Totally  satisfied (Cukup memuaskan)","","1.A band strap that can measure heart beat rate, blood pressure, calories burned, walk distance and steps (Gelang yang boleh mengukur nadi jantung, tekanan darah, kalori, jarak berjalan dan langkah berjalan);2.Emergency call to the nearest hospital (Talian panggilan kecemasan ke mana-mana hospital terdekat);3.Online appointment with the doctor and hiring a nurse can be made through the application (Temujanji bersama doktor dan mengupah jururawat boleh dibuat secara atas talian melalui aplikasi);4.Reminder of the appointment, 3 days before, a day before (Peringatan temujanji selama 3 hari sebelum dan sehari sebelum);5.Medical history will be recorded in each signed up account (Rekod kesihatan akan disimpan di dalam setiap akaun yang berdaftar);6.Offline games to release stress and past the time (Permainan luar talian untuk melepaskan stress dan melengahkan masa)","","","Male (Lelaki)","Android","International (Antarabangsa)","Abu Sadik Billahil Waasi","below 40 (bawah 40)"
"2018/03/24 6:52:32 AM GMT","YES","Satisfied (Memuaskan)","Totally  satisfied (Cukup memuaskan)","Totally  satisfied (Cukup memuaskan)","Satisfied (Memuaskan)","","1.A band strap that can measure heart beat rate, blood pressure, calories burned, walk distance and steps (Gelang yang boleh mengukur nadi jantung, tekanan darah, kalori, jarak berjalan dan langkah berjalan);2.Emergency call to the nearest hospital (Talian panggilan kecemasan ke mana-mana hospital terdekat);3.Online appointment with the doctor and hiring a nurse can be made through the application (Temujanji bersama doktor dan mengupah jururawat boleh dibuat secara atas talian melalui aplikasi);4.Reminder of the appointment, 3 days before, a day before (Peringatan temujanji selama 3 hari sebelum dan sehari sebelum);5.Medical history will be recorded in each signed up account (Rekod kesihatan akan disimpan di dalam setiap akaun yang berdaftar);6.Offline games to release stress and past the time (Permainan luar talian untuk melepaskan stress dan melengahkan masa)","","","Male (Lelaki)","Android","International (Antarabangsa)","Alomgir Hossain","50-59"
"2018/03/24 6:53:14 AM GMT","YES","Satisfied (Memuaskan)","Totally  satisfied (Cukup memuaskan)","Satisfied (Memuaskan)","Totally  satisfied (Cukup memuaskan)","","1.A band strap that can measure heart beat rate, blood pressure, calories burned, walk distance and steps (Gelang yang boleh mengukur nadi jantung, tekanan darah, kalori, jarak berjalan dan langkah berjalan);2.Emergency call to the nearest hospital (Talian panggilan kecemasan ke mana-mana hospital terdekat);3.Online appointment with the doctor and hiring a nurse can be made through the application (Temujanji bersama doktor dan mengupah jururawat boleh dibuat secara atas talian melalui aplikasi);4.Reminder of the appointment, 3 days before, a day before (Peringatan temujanji selama 3 hari sebelum dan sehari sebelum);5.Medical history will be recorded in each signed up account (Rekod kesihatan akan disimpan di dalam setiap akaun yang berdaftar);6.Offline games to release stress and past the time (Permainan luar talian untuk melepaskan stress dan melengahkan masa)","","","Male (Lelaki)","Android","International (Antarabangsa)","Orpon Arman","below 40 (bawah 40)"
"2018/03/24 6:54:27 AM GMT","YES","Satisfied (Memuaskan)","Totally  satisfied (Cukup memuaskan)","Totally  satisfied (Cukup memuaskan)","Satisfied (Memuaskan)","","1.A band strap that can measure heart beat rate, blood pressure, calories burned, walk distance and steps (Gelang yang boleh mengukur nadi jantung, tekanan darah, kalori, jarak berjalan dan langkah berjalan);2.Emergency call to the nearest hospital (Talian panggilan kecemasan ke mana-mana hospital terdekat);3.Online appointment with the doctor and hiring a nurse can be made through the application (Temujanji bersama doktor dan mengupah jururawat boleh dibuat secara atas talian melalui aplikasi);4.Reminder of the appointment, 3 days before, a day before (Peringatan temujanji selama 3 hari sebelum dan sehari sebelum);5.Medical history will be recorded in each signed up account (Rekod kesihatan akan disimpan di dalam setiap akaun yang berdaftar);6.Offline games to release stress and past the time (Permainan luar talian untuk melepaskan stress dan melengahkan masa)","","","Male (Lelaki)","Android","International (Antarabangsa)","Masud Rana","50-59"
"2018/03/24 6:59:29 AM GMT","YES","Totally  satisfied (Cukup memuaskan)","Totally  satisfied (Cukup memuaskan)","Satisfied (Memuaskan)","Satisfied (Memuaskan)","","1.A band strap that can measure heart beat rate, blood pressure, calories burned, walk distance and steps (Gelang yang boleh mengukur nadi jantung, tekanan darah, kalori, jarak berjalan dan langkah berjalan);2.Emergency call to the nearest hospital (Talian panggilan kecemasan ke mana-mana hospital terdekat);3.Online appointment with the doctor and hiring a nurse can be made through the application (Temujanji bersama doktor dan mengupah jururawat boleh dibuat secara atas talian melalui aplikasi);4.Reminder of the appointment, 3 days before, a day before (Peringatan temujanji selama 3 hari sebelum dan sehari sebelum);5.Medical history will be recorded in each signed up account (Rekod kesihatan akan disimpan di dalam setiap akaun yang berdaftar);6.Offline games to release stress and past the time (Permainan luar talian untuk melepaskan stress dan melengahkan masa)","","","Male (Lelaki)","Android","International (Antarabangsa)","Zayedi Hossain","60-69"
"2018/03/24 7:00:19 AM GMT","YES","Satisfied (Memuaskan)","Totally  satisfied (Cukup memuaskan)","Totally  satisfied (Cukup memuaskan)","Satisfied (Memuaskan)","","1.A band strap that can measure heart beat rate, blood pressure, calories burned, walk distance and steps (Gelang yang boleh mengukur nadi jantung, tekanan darah, kalori, jarak berjalan dan langkah berjalan);2.Emergency call to the nearest hospital (Talian panggilan kecemasan ke mana-mana hospital terdekat);3.Online appointment with the doctor and hiring a nurse can be made through the application (Temujanji bersama doktor dan mengupah jururawat boleh dibuat secara atas talian melalui aplikasi);4.Reminder of the appointment, 3 days before, a day before (Peringatan temujanji selama 3 hari sebelum dan sehari sebelum);5.Medical history will be recorded in each signed up account (Rekod kesihatan akan disimpan di dalam setiap akaun yang berdaftar);6.Offline games to release stress and past the time (Permainan luar talian untuk melepaskan stress dan melengahkan masa)","","","Male (Lelaki)","Android","International (Antarabangsa)","Ahsanuzzaman khan","below 40 (bawah 40)"
"2018/03/24 7:01:11 AM GMT","YES","Totally  satisfied (Cukup memuaskan)","Totally  satisfied (Cukup memuaskan)","Totally  satisfied (Cukup memuaskan)","Totally  satisfied (Cukup memuaskan)","","1.A band strap that can measure heart beat rate, blood pressure, calories burned, walk distance and steps (Gelang yang boleh mengukur nadi jantung, tekanan darah, kalori, jarak berjalan dan langkah berjalan)","","","Male (Lelaki)","iOS","International (Antarabangsa)","Naila","50-59"
"2018/03/24 9:16:53 AM GMT","NO","Satisfied (Memuaskan)","Satisfied (Memuaskan)","Satisfied (Memuaskan)","Satisfied (Memuaskan)","","2.Emergency call to the nearest hospital (Talian panggilan kecemasan ke mana-mana hospital terdekat);3.Online appointment with the doctor and hiring a nurse can be made through the application (Temujanji bersama doktor dan mengupah jururawat boleh dibuat secara atas talian melalui aplikasi);4.Reminder of the appointment, 3 days before, a day before (Peringatan temujanji selama 3 hari sebelum dan sehari sebelum)","","","Female (Wanita)","Android","International (Antarabangsa)","huda","below 40 (bawah 40)"
"2018/03/24 11:51:13 AM GMT","YES","Satisfied (Memuaskan)","Totally  satisfied (Cukup memuaskan)","Totally  satisfied (Cukup memuaskan)","Satisfied (Memuaskan)","","1.A band strap that can measure heart beat rate, blood pressure, calories burned, walk distance and steps (Gelang yang boleh mengukur nadi jantung, tekanan darah, kalori, jarak berjalan dan langkah berjalan);2.Emergency call to the nearest hospital (Talian panggilan kecemasan ke mana-mana hospital terdekat);4.Reminder of the appointment, 3 days before, a day before (Peringatan temujanji selama 3 hari sebelum dan sehari sebelum)","","","Female (Wanita)","Android","Malaysian (Malaysia)","Shasha Mohd","below 40 (bawah 40)"
"2018/03/24 1:00:35 PM GMT","YES","Totally  satisfied (Cukup memuaskan)","Satisfied (Memuaskan)","Satisfied (Memuaskan)","Totally  satisfied (Cukup memuaskan)","","1.A band strap that can measure heart beat rate, blood pressure, calories burned, walk distance and steps (Gelang yang boleh mengukur nadi jantung, tekanan darah, kalori, jarak berjalan dan langkah berjalan);2.Emergency call to the nearest hospital (Talian panggilan kecemasan ke mana-mana hospital terdekat);3.Online appointment with the doctor and hiring a nurse can be made through the application (Temujanji bersama doktor dan mengupah jururawat boleh dibuat secara atas talian melalui aplikasi);4.Reminder of the appointment, 3 days before, a day before (Peringatan temujanji selama 3 hari sebelum dan sehari sebelum);5.Medical history will be recorded in each signed up account (Rekod kesihatan akan disimpan di dalam setiap akaun yang berdaftar);6.Offline games to release stress and past the time (Permainan luar talian untuk melepaskan stress dan melengahkan masa)","","","Male (Lelaki)","Android","Malaysian (Malaysia)","Muhammad Nur Wafi","below 40 (bawah 40)"
"2018/03/24 1:01:58 PM GMT","YES","Totally  satisfied (Cukup memuaskan)","Totally  satisfied (Cukup memuaskan)","Satisfied (Memuaskan)","Satisfied (Memuaskan)","","1.A band strap that can measure heart beat rate, blood pressure, calories burned, walk distance and steps (Gelang yang boleh mengukur nadi jantung, tekanan darah, kalori, jarak berjalan dan langkah berjalan);2.Emergency call to the nearest hospital (Talian panggilan kecemasan ke mana-mana hospital terdekat);3.Online appointment with the doctor and hiring a nurse can be made through the application (Temujanji bersama doktor dan mengupah jururawat boleh dibuat secara atas talian melalui aplikasi);4.Reminder of the appointment, 3 days before, a day before (Peringatan temujanji selama 3 hari sebelum dan sehari sebelum);5.Medical history will be recorded in each signed up account (Rekod kesihatan akan disimpan di dalam setiap akaun yang berdaftar);6.Offline games to release stress and past the time (Permainan luar talian untuk melepaskan stress dan melengahkan masa)","","","Male (Lelaki)","Android","Malaysian (Malaysia)","Akmal Noor Hakim","below 40 (bawah 40)"
"2018/03/24 1:05:25 PM GMT","YES","Satisfied (Memuaskan)","Totally  satisfied (Cukup memuaskan)","Satisfied (Memuaskan)","Satisfied (Memuaskan)","","1.A band strap that can measure heart beat rate, blood pressure, calories burned, walk distance and steps (Gelang yang boleh mengukur nadi jantung, tekanan darah, kalori, jarak berjalan dan langkah berjalan);2.Emergency call to the nearest hospital (Talian panggilan kecemasan ke mana-mana hospital terdekat);3.Online appointment with the doctor and hiring a nurse can be made through the application (Temujanji bersama doktor dan mengupah jururawat boleh dibuat secara atas talian melalui aplikasi);4.Reminder of the appointment, 3 days before, a day before (Peringatan temujanji selama 3 hari sebelum dan sehari sebelum);5.Medical history will be recorded in each signed up account (Rekod kesihatan akan disimpan di dalam setiap akaun yang berdaftar);6.Offline games to release stress and past the time (Permainan luar talian untuk melepaskan stress dan melengahkan masa)","","","Male (Lelaki)","Android","International (Antarabangsa)","Faisul Alam Sunny","60-69"
"2018/03/24 1:10:46 PM GMT","YES","Totally  satisfied (Cukup memuaskan)","Totally  satisfied (Cukup memuaskan)","Totally  satisfied (Cukup memuaskan)","Totally  satisfied (Cukup memuaskan)","","1.A band strap that can measure heart beat rate, blood pressure, calories burned, walk distance and steps (Gelang yang boleh mengukur nadi jantung, tekanan darah, kalori, jarak berjalan dan langkah berjalan);2.Emergency call to the nearest hospital (Talian panggilan kecemasan ke mana-mana hospital terdekat);3.Online appointment with the doctor and hiring a nurse can be made through the application (Temujanji bersama doktor dan mengupah jururawat boleh dibuat secara atas talian melalui aplikasi);4.Reminder of the appointment, 3 days before, a day before (Peringatan temujanji selama 3 hari sebelum dan sehari sebelum);5.Medical history will be recorded in each signed up account (Rekod kesihatan akan disimpan di dalam setiap akaun yang berdaftar);6.Offline games to release stress and past the time (Permainan luar talian untuk melepaskan stress dan melengahkan masa)","","","Male (Lelaki)","Android","International (Antarabangsa)","Tajamul Haque","40-49"
"2018/03/24 1:12:00 PM GMT","YES","Satisfied (Memuaskan)","Totally  satisfied (Cukup memuaskan)","Satisfied (Memuaskan)","Totally  satisfied (Cukup memuaskan)","","1.A band strap that can measure heart beat rate, blood pressure, calories burned, walk distance and steps (Gelang yang boleh mengukur nadi jantung, tekanan darah, kalori, jarak berjalan dan langkah berjalan);2.Emergency call to the nearest hospital (Talian panggilan kecemasan ke mana-mana hospital terdekat);3.Online appointment with the doctor and hiring a nurse can be made through the application (Temujanji bersama doktor dan mengupah jururawat boleh dibuat secara atas talian melalui aplikasi);4.Reminder of the appointment, 3 days before, a day before (Peringatan temujanji selama 3 hari sebelum dan sehari sebelum);5.Medical history will be recorded in each signed up account (Rekod kesihatan akan disimpan di dalam setiap akaun yang berdaftar);6.Offline games to release stress and past the time (Permainan luar talian untuk melepaskan stress dan melengahkan masa)","","","Male (Lelaki)","Android","International (Antarabangsa)","Monowar Hosaain Khokon","40-49"
"2018/03/24 1:13:08 PM GMT","YES","Totally  satisfied (Cukup memuaskan)","Totally  satisfied (Cukup memuaskan)","Satisfied (Memuaskan)","Satisfied (Memuaskan)","","1.A band strap that can measure heart beat rate, blood pressure, calories burned, walk distance and steps (Gelang yang boleh mengukur nadi jantung, tekanan darah, kalori, jarak berjalan dan langkah berjalan);2.Emergency call to the nearest hospital (Talian panggilan kecemasan ke mana-mana hospital terdekat);3.Online appointment with the doctor and hiring a nurse can be made through the application (Temujanji bersama doktor dan mengupah jururawat boleh dibuat secara atas talian melalui aplikasi);4.Reminder of the appointment, 3 days before, a day before (Peringatan temujanji selama 3 hari sebelum dan sehari sebelum);5.Medical history will be recorded in each signed up account (Rekod kesihatan akan disimpan di dalam setiap akaun yang berdaftar);6.Offline games to release stress and past the time (Permainan luar talian untuk melepaskan stress dan melengahkan masa)","","","Male (Lelaki)","Android","International (Antarabangsa)","Faruk Hossain","60-69"
"2018/03/24 1:14:21 PM GMT","YES","Totally  satisfied (Cukup memuaskan)","Satisfied (Memuaskan)","Satisfied (Memuaskan)","Totally  satisfied (Cukup memuaskan)","","1.A band strap that can measure heart beat rate, blood pressure, calories burned, walk distance and steps (Gelang yang boleh mengukur nadi jantung, tekanan darah, kalori, jarak berjalan dan langkah berjalan);2.Emergency call to the nearest hospital (Talian panggilan kecemasan ke mana-mana hospital terdekat);3.Online appointment with the doctor and hiring a nurse can be made through the application (Temujanji bersama doktor dan mengupah jururawat boleh dibuat secara atas talian melalui aplikasi);4.Reminder of the appointment, 3 days before, a day before (Peringatan temujanji selama 3 hari sebelum dan sehari sebelum);5.Medical history will be recorded in each signed up account (Rekod kesihatan akan disimpan di dalam setiap akaun yang berdaftar);6.Offline games to release stress and past the time (Permainan luar talian untuk melepaskan stress dan melengahkan masa)","","","Male (Lelaki)","Android","International (Antarabangsa)","Shukhun Mia","40-49"
"2018/03/24 1:16:45 PM GMT","YES","Totally  satisfied (Cukup memuaskan)","Satisfied (Memuaskan)","Totally  satisfied (Cukup memuaskan)","Totally  satisfied (Cukup memuaskan)","","1.A band strap that can measure heart beat rate, blood pressure, calories burned, walk distance and steps (Gelang yang boleh mengukur nadi jantung, tekanan darah, kalori, jarak berjalan dan langkah berjalan);2.Emergency call to the nearest hospital (Talian panggilan kecemasan ke mana-mana hospital terdekat);3.Online appointment with the doctor and hiring a nurse can be made through the application (Temujanji bersama doktor dan mengupah jururawat boleh dibuat secara atas talian melalui aplikasi);4.Reminder of the appointment, 3 days before, a day before (Peringatan temujanji selama 3 hari sebelum dan sehari sebelum);5.Medical history will be recorded in each signed up account (Rekod kesihatan akan disimpan di dalam setiap akaun yang berdaftar);6.Offline games to release stress and past the time (Permainan luar talian untuk melepaskan stress dan melengahkan masa)","","","Male (Lelaki)","Android","International (Antarabangsa)","Suzon Ali","50-59"
"2018/03/24 1:51:18 PM GMT","YES","Satisfied (Memuaskan)","Satisfied (Memuaskan)","Satisfied (Memuaskan)","Satisfied (Memuaskan)","","1.A band strap that can measure heart beat rate, blood pressure, calories burned, walk distance and steps (Gelang yang boleh mengukur nadi jantung, tekanan darah, kalori, jarak berjalan dan langkah berjalan)","","","Male (Lelaki)","Android","International (Antarabangsa)","Mari","50-59"
"2018/03/24 1:51:59 PM GMT","YES","Satisfied (Memuaskan)","Satisfied (Memuaskan)","Satisfied (Memuaskan)","Satisfied (Memuaskan)","","2.Emergency call to the nearest hospital (Talian panggilan kecemasan ke mana-mana hospital terdekat)","","","Female (Wanita)","Android","International (Antarabangsa)","mariam","50-59"
"2018/03/24 1:52:39 PM GMT","YES","Satisfied (Memuaskan)","Satisfied (Memuaskan)","Satisfied (Memuaskan)","Satisfied (Memuaskan)","","1.A band strap that can measure heart beat rate, blood pressure, calories burned, walk distance and steps (Gelang yang boleh mengukur nadi jantung, tekanan darah, kalori, jarak berjalan dan langkah berjalan)","","","Female (Wanita)","Android","International (Antarabangsa)","Sumaya","50-59"
"2018/03/24 1:53:10 PM GMT","YES","Satisfied (Memuaskan)","Satisfied (Memuaskan)","Satisfied (Memuaskan)","Satisfied (Memuaskan)","","3.Online appointment with the doctor and hiring a nurse can be made through the application (Temujanji bersama doktor dan mengupah jururawat boleh dibuat secara atas talian melalui aplikasi)","","","Female (Wanita)","Android","Malaysian (Malaysia)","Nina","50-59"
"2018/03/24 1:53:43 PM GMT","YES","Satisfied (Memuaskan)","Satisfied (Memuaskan)","Satisfied (Memuaskan)","Satisfied (Memuaskan)","","3.Online appointment with the doctor and hiring a nurse can be made through the application (Temujanji bersama doktor dan mengupah jururawat boleh dibuat secara atas talian melalui aplikasi)","","","Female (Wanita)","Android","International (Antarabangsa)","Lily","40-49"
"2018/03/25 4:32:29 AM GMT","YES","Satisfied (Memuaskan)","Satisfied (Memuaskan)","Satisfied (Memuaskan)","Satisfied (Memuaskan)","","1.A band strap that can measure heart beat rate, blood pressure, calories burned, walk distance and steps (Gelang yang boleh mengukur nadi jantung, tekanan darah, kalori, jarak berjalan dan langkah berjalan);2.Emergency call to the nearest hospital (Talian panggilan kecemasan ke mana-mana hospital terdekat);3.Online appointment with the doctor and hiring a nurse can be made through the application (Temujanji bersama doktor dan mengupah jururawat boleh dibuat secara atas talian melalui aplikasi);4.Reminder of the appointment, 3 days before, a day before (Peringatan temujanji selama 3 hari sebelum dan sehari sebelum);5.Medical history will be recorded in each signed up account (Rekod kesihatan akan disimpan di dalam setiap akaun yang berdaftar)","","","Female (Wanita)","Android","International (Antarabangsa)","Hasna Khanom","60-69"
"2018/03/25 4:33:31 AM GMT","YES","Satisfied (Memuaskan)","Totally  satisfied (Cukup memuaskan)","Not satisfied (Tidak Memuaskan)","Satisfied (Memuaskan)","","1.A band strap that can measure heart beat rate, blood pressure, calories burned, walk distance and steps (Gelang yang boleh mengukur nadi jantung, tekanan darah, kalori, jarak berjalan dan langkah berjalan);2.Emergency call to the nearest hospital (Talian panggilan kecemasan ke mana-mana hospital terdekat);4.Reminder of the appointment, 3 days before, a day before (Peringatan temujanji selama 3 hari sebelum dan sehari sebelum);5.Medical history will be recorded in each signed up account (Rekod kesihatan akan disimpan di dalam setiap akaun yang berdaftar);6.Offline games to release stress and past the time (Permainan luar talian untuk melepaskan stress dan melengahkan masa)","","","Male (Lelaki)","iOS","International (Antarabangsa)","Ali Aizuddin","50-59"
"2018/03/25 4:44:38 AM GMT","NO","Satisfied (Memuaskan)","Not satisfied (Tidak Memuaskan)","Not satisfied (Tidak Memuaskan)","Satisfied (Memuaskan)","The usage of the interface, make it a bit bigger and colourful","2.Emergency call to the nearest hospital (Talian panggilan kecemasan ke mana-mana hospital terdekat);3.Online appointment with the doctor and hiring a nurse can be made through the application (Temujanji bersama doktor dan mengupah jururawat boleh dibuat secara atas talian melalui aplikasi);4.Reminder of the appointment, 3 days before, a day before (Peringatan temujanji selama 3 hari sebelum dan sehari sebelum);5.Medical history will be recorded in each signed up account (Rekod kesihatan akan disimpan di dalam setiap akaun yang berdaftar)","","","Female (Wanita)","Android","Malaysian (Malaysia)","Rugaya","40-49"
"2018/03/25 4:55:37 AM GMT","NO","Satisfied (Memuaskan)","Satisfied (Memuaskan)","Not satisfied (Tidak Memuaskan)","Not satisfied (Tidak Memuaskan)","Makes it reliable for everyone to use","3.Online appointment with the doctor and hiring a nurse can be made through the application (Temujanji bersama doktor dan mengupah jururawat boleh dibuat secara atas talian melalui aplikasi);4.Reminder of the appointment, 3 days before, a day before (Peringatan temujanji selama 3 hari sebelum dan sehari sebelum);5.Medical history will be recorded in each signed up account (Rekod kesihatan akan disimpan di dalam setiap akaun yang berdaftar);6.Offline games to release stress and past the time (Permainan luar talian untuk melepaskan stress dan melengahkan masa)","","","Male (Lelaki)","Android","Malaysian (Malaysia)","Jamali","50-59"
"2018/03/25 4:58:12 AM GMT","YES","Satisfied (Memuaskan)","Totally  satisfied (Cukup memuaskan)","Satisfied (Memuaskan)","Not satisfied (Tidak Memuaskan)","","1.A band strap that can measure heart beat rate, blood pressure, calories burned, walk distance and steps (Gelang yang boleh mengukur nadi jantung, tekanan darah, kalori, jarak berjalan dan langkah berjalan);2.Emergency call to the nearest hospital (Talian panggilan kecemasan ke mana-mana hospital terdekat);3.Online appointment with the doctor and hiring a nurse can be made through the application (Temujanji bersama doktor dan mengupah jururawat boleh dibuat secara atas talian melalui aplikasi);5.Medical history will be recorded in each signed up account (Rekod kesihatan akan disimpan di dalam setiap akaun yang berdaftar);6.Offline games to release stress and past the time (Permainan luar talian untuk melepaskan stress dan melengahkan masa)","","","Male (Lelaki)","Android","Malaysian (Malaysia)","Anwar","50-59"
"2018/03/25 4:59:14 AM GMT","YES","Satisfied (Memuaskan)","Satisfied (Memuaskan)","Satisfied (Memuaskan)","Not satisfied (Tidak Memuaskan)","","1.A band strap that can measure heart beat rate, blood pressure, calories burned, walk distance and steps (Gelang yang boleh mengukur nadi jantung, tekanan darah, kalori, jarak berjalan dan langkah berjalan);2.Emergency call to the nearest hospital (Talian panggilan kecemasan ke mana-mana hospital terdekat);3.Online appointment with the doctor and hiring a nurse can be made through the application (Temujanji bersama doktor dan mengupah jururawat boleh dibuat secara atas talian melalui aplikasi);5.Medical history will be recorded in each signed up account (Rekod kesihatan akan disimpan di dalam setiap akaun yang berdaftar);6.Offline games to release stress and past the time (Permainan luar talian untuk melepaskan stress dan melengahkan masa)","","","Female (Wanita)","iOS","Malaysian (Malaysia)","Jamila","40-49"
"2018/03/25 5:00:15 AM GMT","YES","Not satisfied (Tidak Memuaskan)","Satisfied (Memuaskan)","Satisfied (Memuaskan)","Not satisfied (Tidak Memuaskan)","","1.A band strap that can measure heart beat rate, blood pressure, calories burned, walk distance and steps (Gelang yang boleh mengukur nadi jantung, tekanan darah, kalori, jarak berjalan dan langkah berjalan);2.Emergency call to the nearest hospital (Talian panggilan kecemasan ke mana-mana hospital terdekat);3.Online appointment with the doctor and hiring a nurse can be made through the application (Temujanji bersama doktor dan mengupah jururawat boleh dibuat secara atas talian melalui aplikasi);4.Reminder of the appointment, 3 days before, a day before (Peringatan temujanji selama 3 hari sebelum dan sehari sebelum);5.Medical history will be recorded in each signed up account (Rekod kesihatan akan disimpan di dalam setiap akaun yang berdaftar)","","","Female (Wanita)","iOS","Malaysian (Malaysia)","Izzati","below 40 (bawah 40)"
"2018/03/25 5:48:07 AM GMT","YES","Satisfied (Memuaskan)","Totally  satisfied (Cukup memuaskan)","Satisfied (Memuaskan)","Satisfied (Memuaskan)","","1.A band strap that can measure heart beat rate, blood pressure, calories burned, walk distance and steps (Gelang yang boleh mengukur nadi jantung, tekanan darah, kalori, jarak berjalan dan langkah berjalan);2.Emergency call to the nearest hospital (Talian panggilan kecemasan ke mana-mana hospital terdekat);3.Online appointment with the doctor and hiring a nurse can be made through the application (Temujanji bersama doktor dan mengupah jururawat boleh dibuat secara atas talian melalui aplikasi);5.Medical history will be recorded in each signed up account (Rekod kesihatan akan disimpan di dalam setiap akaun yang berdaftar)","","","Female (Wanita)","Android","Malaysian (Malaysia)","Hanipah bte hj hassan","40-49"
"2018/03/25 8:45:38 AM GMT","YES","Satisfied (Memuaskan)","Satisfied (Memuaskan)","Satisfied (Memuaskan)","Satisfied (Memuaskan)","","2.Emergency call to the nearest hospital (Talian panggilan kecemasan ke mana-mana hospital terdekat);4.Reminder of the appointment, 3 days before, a day before (Peringatan temujanji selama 3 hari sebelum dan sehari sebelum)","","","Female (Wanita)","Android","Malaysian (Malaysia)","juyah","50-59"